{
  "_note1": "KEEP THIS FILE! Check it into a version control system (VCS) like git.",
  "_note2": "ObjectBox manages crucial IDs for your object model. See docs for details.",
  "_note3": "If you have VCS merge conflicts, you must resolve them according to ObjectBox docs.",
  "entities": [
    {
      "id": "1:5715995633077418346",
      "lastPropertyId": "5:4321698345128729472",
      "name": "Tarefa",
      "properties": [
        {
          "id": "1:1596739128704843406",
          "name": "id"
        },
        {
          "id": "2:3478011346872739852",
          "name": "titulo"
        },
        {
          "id": "3:6759433168928750289",
          "name": "descricao"
        },
        {
          "id": "4:8666751125763831536",
          "name": "dataLimite"
        },
        {
          "id": "5:4321698345128729472",
          "name": "estado"
        }
      ],
      "relations": []
    },
    {
      "id": "2:4907571152002747476",
      "lastPropertyId": "2:8264094458557076354",
      "name": "Usuario",
      "properties": [
        {
          "id": "1:4409228061266715140",
          "name": "id"
        },
        {
          "id": "2:8264094458557076354",
          "name": "chave"
        }
      ],
      "relations": []
    }
  ],
  "lastEntityId": "2:4907571152002747476",
  "lastIndexId": "0:0",
  "lastRelationId": "0:0",
  "lastSequenceId": "0:0",
  "modelVersion": 4,
  "modelVersionParserMinimum": 4,
  "retiredEntityUids": [],
  "retiredIndexUids": [],
  "retiredPropertyUids": [],
  "retiredRelationUids": [],
  "version": 1
}